{"2HDM": {"Xhh": [[500, 0.00014], [600, 0.00103], [700, 0.00825], [800, 0.06301075268817204], [900, 0.12001], [1000, 0.15307070707070708], [1100, 0.17466], [1200, 0.18901030927835052], [1300, 0.19752577319587628], [1400, 0.2004639175257732], [1500, 0.2058888888888889], [1600, 0.20741], [1800, 0.2070918367346939], [2000, 0.2037070707070707], [2250, 0.1856060606060606], [2500, 0.14381818181818182], [2750, 0.09713], [3000, 0.05788]], "SR3b": [[500, 3e-05], [600, 0.00034], [700, 0.0031], [800, 0.026032258064516128], [900, 0.05051], [1000, 0.06395959595959597], [1100, 0.07309], [1200, 0.07974226804123712], [1300, 0.08282474226804123], [1400, 0.08524742268041237], [1500, 0.08733333333333333], [1600, 0.08736], [1800, 0.08534693877551021], [2000, 0.08187878787878788], [2250, 0.06993939393939394], [2500, 0.05042424242424243], [2750, 0.03016], [3000, 0.01615]], "4TrackJet": [[500, 0.00072], [600, 0.00615], [700, 0.03368], [800, 0.1641505376344086], [900, 0.30592], [1000, 0.3885454545454545], [1100, 0.4373], [1200, 0.4694742268041237], [1300, 0.4847422680412371], [1400, 0.4942061855670103], [1500, 0.5058383838383839], [1600, 0.51373], [1800, 0.5229285714285714], [2000, 0.5251111111111111], [2250, 0.49118181818181816], [2500, 0.4046262626262626], [2750, 0.29233], [3000, 0.1884]], "dEtaCut": [[500, 0.00078], [600, 0.00653], [700, 0.03535], [800, 0.1713440860215054], [900, 0.31787], [1000, 0.4044242424242424], [1100, 0.45335], [1200, 0.48596907216494845], [1300, 0.5018865979381444], [1400, 0.5111546391752577], [1500, 0.5246161616161616], [1600, 0.53506], [1800, 0.549530612244898], [2000, 0.5632727272727273], [2250, 0.5707070707070707], [2500, 0.572020202020202], [2750, 0.54727], [3000, 0.45009]], "3b": [[500, 0.00011], [600, 0.0018], [700, 0.01209], [800, 0.06623655913978495], [900, 0.12574], [1000, 0.1578989898989899], [1100, 0.17716], [1200, 0.18939175257731958], [1300, 0.19281443298969073], [1400, 0.19519587628865978], [1500, 0.19765656565656567], [1600, 0.19669], [1800, 0.19439795918367347], [2000, 0.1882020202020202], [2250, 0.16211111111111112], [2500, 0.12156565656565657], [2750, 0.07494], [3000, 0.04209]], "SR4b": [[500, 1e-05], [600, 4e-05], [700, 0.00188], [800, 0.020591397849462366], [900, 0.04001], [1000, 0.050787878787878785], [1100, 0.05772], [1200, 0.05964948453608247], [1300, 0.06077319587628866], [1400, 0.058938144329896906], [1500, 0.055414141414141416], [1600, 0.05329], [1800, 0.0461530612244898], [2000, 0.03681818181818182], [2250, 0.026474747474747474], [2500, 0.016414141414141416], [2750, 0.00809], [3000, 0.00372]], "4b": [[500, 1e-05], [600, 0.00023], [700, 0.0045], [800, 0.03834408602150537], [900, 0.07567], [1000, 0.09564646464646465], [1100, 0.10886], [1200, 0.11262886597938145], [1300, 0.113], [1400, 0.11037113402061856], [1500, 0.10423232323232323], [1600, 0.10226], [1800, 0.08868367346938776], [2000, 0.07284848484848484], [2250, 0.05421212121212121], [2500, 0.03492929292929293], [2750, 0.01802], [3000, 0.00832]], "2JJ": [[500, 0.00361], [600, 0.01719], [700, 0.08701], [800, 0.25651612903225807], [900, 0.39159], [1000, 0.47655555555555557], [1100, 0.53593], [1200, 0.5835360824742268], [1300, 0.611979381443299], [1400, 0.6327731958762887], [1500, 0.654989898989899], [1600, 0.67221], [1800, 0.6992551020408163], [2000, 0.7201616161616161], [2250, 0.7432727272727273], [2500, 0.7615050505050505], [2750, 0.77718], [3000, 0.79464]], "LeadingJ350": [[500, 0.00249], [600, 0.01255], [700, 0.05131], [800, 0.20163440860215054], [900, 0.36114], [1000, 0.4585757575757576], [1100, 0.52433], [1200, 0.575680412371134], [1300, 0.6067835051546392], [1400, 0.6293505154639175], [1500, 0.652080808080808], [1600, 0.67029], [1800, 0.6983163265306123], [2000, 0.7196666666666667], [2250, 0.7429191919191919], [2500, 0.7613333333333333], [2750, 0.77708], [3000, 0.79452]]}, "RSG_c10": {"Xhh": [[500, 0.0033511777301927195], [600, 0.010414141414141414], [700, 0.03546296296296296], [800, 0.11828571428571429], [900, 0.1910470588235294], [1000, 0.22711], [1100, 0.25012121212121213], [1200, 0.2615858585858586], [1300, 0.27789473684210525], [1400, 0.2818965517241379], [1500, 0.28363636363636363], [1600, 0.28384848484848485], [1800, 0.2742], [2000, 0.2751914414414414], [2250, 0.24291919191919192], [2500, 0.18251666666666666], [2750, 0.1202901023890785], [3000, 0.07347435897435897]], "SR3b": [[500, 0.0009421841541755888], [600, 0.0034848484848484847], [700, 0.013814814814814814], [800, 0.04794285714285714], [900, 0.07869411764705882], [1000, 0.0948], [1100, 0.10479797979797979], [1200, 0.11098989898989899], [1300, 0.11873684210526315], [1400, 0.11891480730223124], [1500, 0.12142424242424242], [1600, 0.1203939393939394], [1800, 0.11406666666666666], [2000, 0.1118581081081081], [2250, 0.09409090909090909], [2500, 0.06585], [2750, 0.04081911262798635], [3000, 0.02332051282051282]], "4TrackJet": [[500, 0.02444325481798715], [600, 0.051], [700, 0.1247037037037037], [800, 0.3079571428571429], [900, 0.46792941176470587], [1000, 0.54993], [1100, 0.5994242424242424], [1200, 0.6293838383838384], [1300, 0.6531052631578947], [1400, 0.6621399594320487], [1500, 0.673070707070707], [1600, 0.6775252525252525], [1800, 0.682], [2000, 0.674831081081081], [2250, 0.6157575757575757], [2500, 0.4865833333333333], [2750, 0.336518771331058], [3000, 0.2136025641025641]], "dEtaCut": [[500, 0.027077087794432547], [600, 0.055363636363636365], [700, 0.1330185185185185], [800, 0.3270571428571429], [900, 0.49183529411764704], [1000, 0.57729], [1100, 0.6267676767676768], [1200, 0.657060606060606], [1300, 0.6825263157894736], [1400, 0.6939148073022312], [1500, 0.7059797979797979], [1600, 0.7136767676767677], [1800, 0.7294], [2000, 0.7447184684684685], [2250, 0.7502929292929293], [2500, 0.74415], [2750, 0.6963139931740614], [3000, 0.5595897435897436]], "3b": [[500, 0.004047109207708779], [600, 0.013747474747474748], [700, 0.04475925925925926], [800, 0.12118571428571429], [900, 0.18791764705882352], [1000, 0.22223], [1100, 0.2432121212121212], [1200, 0.2537070707070707], [1300, 0.2624736842105263], [1400, 0.263184584178499], [1500, 0.2667777777777778], [1600, 0.26685858585858585], [1800, 0.25833333333333336], [2000, 0.24957207207207208], [2250, 0.21665656565656566], [2500, 0.1555], [2750, 0.10114334470989761], [3000, 0.058653846153846154]], "SR4b": [[500, 0.00020342612419700214], [600, 0.0021212121212121214], [700, 0.010777777777777778], [800, 0.04212857142857143], [900, 0.06972941176470589], [1000, 0.08098], [1100, 0.08697979797979798], [1200, 0.08665656565656565], [1300, 0.08894736842105264], [1400, 0.08443204868154158], [1500, 0.07967676767676768], [1600, 0.07302020202020203], [1800, 0.060866666666666666], [2000, 0.051036036036036035], [2250, 0.036404040404040404], [2500, 0.021766666666666667], [2750, 0.012542662116040956], [3000, 0.007115384615384615]], "SRres": [[400, 0.0013231739934],[500, 0.0183104457834],[600, 0.0361053352232],[700, 0.0454509513145],[800, 0.0492886022249],[900, 0.0525973584141],[1000, 0.053033894633],[1100, 0.0465802763608],[1200, 0.0352221664987],[1300, 0.0221751447909],[1400, 0.0137814262485],[1500, 0.0086743650905]], "4b": [[500, 0.0006638115631691649], [600, 0.004363636363636364], [700, 0.021685185185185186], [800, 0.07777142857142857], [900, 0.12621176470588236], [1000, 0.14749], [1100, 0.1587070707070707], [1200, 0.1575252525252525], [1300, 0.1598421052631579], [1400, 0.1533265720081136], [1500, 0.14651515151515151], [1600, 0.1370909090909091], [1800, 0.11953333333333334], [2000, 0.09886261261261262], [2250, 0.07359595959595959], [2500, 0.04605], [2750, 0.02638225255972696], [3000, 0.014923076923076923]],